,job_role_hint,query,search_rank,title,snippet,href,source,blocked_candidate,error
0,Machine Learning Engineer,Machine Learning Engineer interview preparation guide,1,What is your favorite Machine Learning Engineer Interview ...,"In the 2025 MLE interview, stumper questions can come from absolutely anywhere - data science/ML theory, math/statistics, tech stack/libraries, DSA/LeetCode, ...",https://www.reddit.com/r/learnmachinelearning/comments/1ifbwx8/what_is_your_favorite_machine_learning_engineer/,Reddit · r/learnmachinelearning,False,
1,Machine Learning Engineer,Machine Learning Engineer interview preparation guide,2,Introduction to Machine Learning Interviews Book · MLIB,"The book consists of two parts. The first part provides an overview of the machine learning interview process, what types of machine learning roles are ...",https://huyenchip.com/ml-interviews-book/,Chip Huyen,False,
2,Machine Learning Engineer,Machine Learning Engineer interview preparation guide,3,Software / Machine Learning Engineer Interview Prep,"The following is basically a collection of resources that I found useful in my job search, for the various components of the technical interviewing process.",https://gist.github.com/siggiorn/5b77e6ffd29237a8d0fe4610218ef894,Gist,False,
3,Machine Learning Engineer,Machine Learning Engineer interview preparation guide,4,(Opinionated) Guide to ML Engineer Job Hunting,"What to Prepare · Coding: For MLE candidates, coding interviews are like the GRE for Ph. · ML System Design · ML Breadth · ML Domain Knowledge ...",https://www.yuan-meng.com/posts/mle_interviews/,Yuan Meng,False,
4,Machine Learning Engineer,Machine Learning Engineer interview preparation guide,5,How to Prepare for Machine Learning Engineer Interviews,Important: interact with your interviewer all the time. Ask questions. Go over a few examples before you start coding. I love this list from Neo ...,https://www.linkedin.com/pulse/how-prepare-machine-learning-engineer-interviews-leandro-lima-avmse,LinkedIn · Leandro Lima,True,
5,Machine Learning Engineer,Machine Learning Engineer interview preparation guide,6,Machine Learning Interview Prep Guide (2026),"Get ready for 2026 machine learning interviews with a guide that covers core concepts, coding skills, system design, and modern AI-driven ...",https://www.coursera.org/resources/machine-learning-interview-prep-guide,Coursera,False,
6,Machine Learning Engineer,Machine Learning Engineer interview preparation guide,7,My experience of interview preparation as MLE,"For an MLE (Machine Learning Engineer) position, the main types of interviews are: Leetcode-style coding questions, ML System Design, questions ...",https://artgor.medium.com/my-experience-of-interview-preparation-as-mle-fe53627ba33e,Medium · Andrew Lukyanenko,False,
7,Machine Learning Engineer,Machine Learning Engineer interview preparation guide,8,Complete Guide to Machine Learning Engineering Interviews,This is an ML engineer interview guide that covers core machine learning concepts you should know before going into interviews and what to expect during the ...,https://www.tryexponent.com/blog/machine-learning-interview-guide,Exponent,False,
8,Machine Learning Engineer,Machine Learning Engineer interview questions topics,1,[D] Good ML Eng question banks for interviews?,"So questions are things like: ""write a neural net to solve X problem"" or ""implement k-means using numpy"". Given this is the case, I think it's ...",https://www.reddit.com/r/MachineLearning/comments/1958jbm/d_good_ml_eng_question_banks_for_interviews/,Reddit · r/MachineLearning,False,
9,Machine Learning Engineer,Machine Learning Engineer interview questions topics,2,65 Machine Learning Interview Questions 2026,1) What's the trade-off between bias and variance? [src] · 2) What is gradient descent? [src] · 3) Explain over- and under-fitting and how to combat them? [src].,https://github.com/andrewekhalel/MLQuestions,GitHub,False,
10,Machine Learning Engineer,Machine Learning Engineer interview questions topics,3,Machine Learning Interview Questions and Answers,1. What do you understand by Machine Learning (ML) and how does it differ from artificial intelligence (AI) and Data Science? Machine Learning ...,https://www.geeksforgeeks.org/machine-learning/machine-learning-interview-questions/,GeeksforGeeks,False,
11,Machine Learning Engineer,Machine Learning Engineer interview questions topics,4,Machine Learning Engineer Interview Questions,Behavioral Questions. Tell me about a time you took a model from prototype to production. · Situational Interview Questions · ML Systems Design and Architecture ...,https://www.crosschq.com/blog/machine-learning-engineer-interview-questions,Crosschq,False,
12,Machine Learning Engineer,Machine Learning Engineer interview questions topics,5,Top 35 Machine Learning Interview Questions For 2026,Basic Machine Learning Interview Questions · What is semi-supervised machine learning? · How do you choose which algorithm to use for a dataset? · Explain the K ...,https://www.datacamp.com/blog/top-machine-learning-interview-questions,DataCamp,False,
13,Machine Learning Engineer,Machine Learning Engineer interview questions topics,6,How to Crack Machine learning Interviews at FAANG!,Do we care about Model deployment and the system design of how ML infra works? · Do we care about going deep into modeling choices? · What are the ...,https://medium.com/@reachpriyaa/how-to-crack-machine-learning-interviews-at-faang-78a2882a05c5,Medium · Bharathi Priyaa,False,
14,Machine Learning Engineer,Machine Learning Engineer interview questions topics,7,ML Engineer Interview Questions,"What steps do you follow in the machine learning pipeline, from data preprocessing to model deployment? Explain the concept of ensemble learning and its ...",https://www.usebraintrust.com/hire/interview-questions/ml-engineers,Braintrust,False,
15,Machine Learning Engineer,Machine Learning Engineer interview questions topics,8,14 Machine Learning Interview Questions (+ Tips to ...,"Common machine learning algorithms to consider mentioning during your interview include linear regression, logistic regression, Naive Bayes, and ...",https://www.coursera.org/articles/machine-learning-interview-questions,Coursera,False,
16,Machine Learning Engineer,ML system design interview preparation,1,FAANG ML system design interview guide,"In this post, I will cover the basic structure of the machine learning system design interview at FAANG, how to answer it properly, and study resources.",https://www.reddit.com/r/learnmachinelearning/comments/1glkkve/faang_ml_system_design_interview_guide/,Reddit · r/learnmachinelearning,False,
17,Machine Learning Engineer,ML system design interview preparation,2,"ML System Design Interview (examples, answers, prep)","1. Ask clarifying questions. First, spend about five minutes checking in with your interviewer about the functional and non-functional ...",https://igotanoffer.com/en/advice/machine-learning-system-design-interview,IGotAnOffer,False,
18,Machine Learning Engineer,ML system design interview preparation,3,ml-system-design.md - Machine-Learning-Interviews,The goal of ML system design interview is evaluate your your ability to zoom out and design a production-level ML system that can be deployed as a service ...,https://github.com/alirezadir/machine-learning-interviews/blob/main/src/MLSD/ml-system-design.md,GitHub,False,
19,Machine Learning Engineer,ML system design interview preparation,4,Machine Learning System Design in a Hurry | ML ...,"Model design is the heart of ML system design interviews. Here, interviewers want to see whether you can design a model that is both effective and efficient.",https://www.hellointerview.com/learn/ml-system-design,Hello Interview,False,
20,Machine Learning Engineer,ML system design interview preparation,5,Machine Learning System Design Interview,Machine Learning System Design Interview · 01Introduction and Overview · 02Visual Search System · 03Google Street View Blurring System · 04YouTube Video Search.,https://bytebytego.com/courses/machine-learning-system-design-interview,ByteByteGo,False,
21,Machine Learning Engineer,ML system design interview preparation,6,Cracking the ML Design Interview: A Structured Framework,Step 1: Clarify Questions and Assumptions · Step 2: Define the Problem · Step 3: Model Building · Step 4: Model Deployment · 65 Machine Learning ...,https://medium.com/@pooja93palod/cracking-the-ml-design-interview-a-structured-framework-960ef7f1211a,Medium · Pooja Palod,False,
22,Machine Learning Engineer,ML system design interview preparation,7,Machine Learning System Design Interview (2026 Guide),ML System Design Framework · Step 1: Define the problem. · Step 2: Design the data processing pipeline. · Step 3: Create a model architecture.,https://www.tryexponent.com/blog/machine-learning-system-design-interview-guide,Exponent,False,
23,Machine Learning Engineer,ML system design interview preparation,8,Machine Learning System Design Interview,"This book provides a reliable strategy and knowledge base for tackling a broad range of ML system design questions, with a 7-step framework, real-world ...",https://www.amazon.com/Machine-Learning-System-Design-Interview/dp/1736049127,Amazon.com,False,
24,AI Engineer,AI Engineer interview preparation roadmap,1,Strong ML Foundation (Theory +… | Manish Mazumder,"If you spend 90 days, you can be fully prepared for AI / ML Engineer interview. Here is a comprehensive Roadmap which I followed and you can ...",https://www.linkedin.com/posts/manishmazumder_if-you-spend-90-days-you-can-be-fully-prepared-activity-7352198106416926722-USDy,LinkedIn · Manish Mazumder,True,
25,AI Engineer,AI Engineer interview preparation roadmap,2,Roadmap and resources for becoming a Machine Learning ...,"ML Engineer interviews typically include 4 to 6 rounds a virtual screen which has coding + ML basics, followed by onsite or virtual loops with ...",https://www.reddit.com/r/cscareerquestions/comments/1pxnki7/roadmap_and_resources_for_becoming_a_machine/,Reddit · r/cscareerquestions,False,
26,AI Engineer,AI Engineer interview preparation roadmap,3,🚀 The Complete AI Engineering Roadmap for Beginners,Resume & Interview Preparation · Explain machine learning algorithms in simple terms · Design an ML system for a specific problem · Code a simple ...,https://medium.com/@anirbanmukherjee1311/the-complete-ai-engineering-roadmap-for-beginners-b2df1945c9ac,Medium · Anirban Mukherjee ✍️,False,
27,AI Engineer,AI Engineer interview preparation roadmap,4,Crack the AI Engineering Interview — 2025 Complete Guide,"This guide reveals the insider frameworks, technical Q&As, and 30-day prep plan used by real AI engineers to succeed in interviews at top startups and tech ...",https://maven.com/p/058749,Maven Learning,False,
28,AI Engineer,AI Engineer interview preparation roadmap,5,alexeygrigorev/ai-engineering-field-guide,"Interview Preparation · Interview process - common patterns, step counts, time estimates, AI use in hiring, key takeaways · Interview questions - consolidated ...",https://github.com/alexeygrigorev/ai-engineering-field-guide,GitHub,False,
29,AI Engineer,AI Engineer interview preparation roadmap,6,Interviewing for ML/AI Engineers,"For staff+ candidates, I would do a coding interview, 2 data modeling interviews, 1 system design interview, 1 ML system design interviews, a ...",https://www.moderndescartes.com/essays/ml_eng_interviewing/,Brian Kihoon Lee,False,
30,AI Engineer,AI Engineer interview preparation roadmap,7,How to pass a technical interview for an AI role,"Think of the topic you need to explore as a map. A map you need to learn the best you can in a short amount of time. In my case, I was lucky ...",https://paulabartabajo.substack.com/p/how-to-pass-a-technical-interview,Substack · Pau Labarta Bajo's Newsletter,False,
31,AI Engineer,AI Engineer interview preparation roadmap,8,"AI Research Engineer Interview Guide: OpenAI, Anthropic, ...",3.1 Theoretical Foundations - Math & ML Theory · 3.2 ML Coding & Implementation from Scratch · 3.3 ML Debugging · 3.4 ML System Design · 3.5 ...,https://www.sundeepteki.org/advice/the-ultimate-ai-research-engineer-interview-guide-cracking-openai-anthropic-google-deepmind-top-ai-labs,Sundeep Teki,False,
32,AI Engineer,Applied AI Engineer interview questions,1,AI engineer interview questions? : r/ArtificialInteligence,What have you built before? What workflows can you automate? How do you control LLMs? How can you make sure they don't hallucinate? Which cloud ...,https://www.reddit.com/r/ArtificialInteligence/comments/1nybfr8/ai_engineer_interview_questions/,Reddit · r/ArtificialInteligence,False,
33,AI Engineer,Applied AI Engineer interview questions,2,AI Engineer Interview Questions,"Delve into 25 crucial interview questions for AI engineers. Gauge mastery in machine learning algorithms, neural networks, and data-driven AI solutions.",https://www.usebraintrust.com/hire/interview-questions/ai-engineers,Braintrust,False,
34,AI Engineer,Applied AI Engineer interview questions,3,amitshekhariitbhu/ai-engineering-interview-questions ...,"What is prompt engineering, and why is it critical for AI applications? Explain zero-shot, one-shot, and few-shot prompting with examples.",https://github.com/amitshekhariitbhu/ai-engineering-interview-questions,GitHub,False,
35,AI Engineer,Applied AI Engineer interview questions,4,Common AI Engineer Interview Questions & Answers (2025),"Question 6: What is transfer learning, and how have you applied it in your projects? Question 7: How do you optimize hyperparameters in machine learning models?",https://365datascience.com/career-advice/job-interview-tips/ai-engineer-interview-questions/,365 Data Science,False,
36,AI Engineer,Applied AI Engineer interview questions,5,Here's a list of AI Engineer Interview questions + concepts ...,Here's a list of AI Engineer Interview questions + concepts you need to know (from AI/ML Engineering Manager perspective) LLM ...,https://www.linkedin.com/posts/shantanuladhwe_heres-a-list-of-ai-engineer-interview-questions-activity-7357701365780901888-HOBo,LinkedIn · Shantanu Ladhwe,True,
37,AI Engineer,Applied AI Engineer interview questions,6,"40+ Most Common AI Engineer Interview Questions (+tips, ...",How would you explain a complex AI system to a non-technical stakeholder and get buy-in? Give me an example of when you worked well within a ...,https://igotanoffer.com/en/advice/ai-engineer-interview,IGotAnOffer,False,
38,AI Engineer,Applied AI Engineer interview questions,7,100 AI interview questions and answers for 2025,1. Explain Artificial Intelligence and give its applications. · 2. How are machine learning and AI related? · 3. What is Deep Learning based on? · 4. How many ...,https://www.turing.com/interview-questions/artificial-intelligence,Turing,False,
39,AI Engineer,Applied AI Engineer interview questions,8,Advanced AI Engineering Interview Questions - Leonidas Gorgo,Q1: Explain the bias-variance tradeoff in machine learning. · Q2: What is the difference between generative and discriminative models? · Q3: How ...,https://leonidasgorgo.medium.com/advanced-ai-engineering-interview-questions-2bdd416f90cf,Medium · Leonidas Gorgo,False,
40,Data Scientist,Data Scientist interview questions topics,1,29 Top Data Scientist Interview Questions For All Levels,"Data scientist interviews test five areas: statistics & probability, machine learning, coding (Python/SQL), behavioral, and product sense. Key technical topics: ...",https://www.datacamp.com/blog/data-scientist-interview-questions,DataCamp,False,
41,Data Scientist,Data Scientist interview questions topics,2,20 Common Data Science Interview Questions,Review Possible Interview Topics · Software engineering · Data manipulation · Statistical modeling (including machine learning topics) ...,https://careers.environment.yale.edu/blog/2023/07/27/20-common-data-science-interview-questions/,Yale University,True,
42,Data Scientist,Data Scientist interview questions topics,3,Technical Interview for Data Science : r/datasciencebr,Explain what a model is and what it's used for? · What is overfitting and underfitting? · What's the relationship between overfitting and ...,https://www.reddit.com/r/datasciencebr/comments/1japxun/entrevista_t%C3%A9cnica_para_data_science/?tl=en,Reddit · r/datasciencebr,False,
43,Data Scientist,Data Scientist interview questions topics,4,youssefHosni/Data-Science-Interview-Questions-Answers,"The questions can be divided into six categories: machine learning questions, deep learning questions, statistics questions, probability questions, python ...",https://github.com/youssefHosni/Data-Science-Interview-Questions-Answers,GitHub,False,
44,Data Scientist,Data Scientist interview questions topics,5,Notes and technical questions from interviewing as a Data ...,Real interview questions that I think generalize many facets of the DS interview · Python Scripting · Product · SQL · AB Testing · Machine Learning.,https://medium.com/data-science/notes-and-technical-questions-from-interviewing-as-a-data-scientist-in-2018-20e7e3ee4ab3,Medium · Jay Feng,False,
45,Data Scientist,Data Scientist interview questions topics,6,Data Science Interview Questions and Answers,Data Science Interview Questions and Answers · What is Data Science? · Statistics and Probability · Machine Learning · SQL and DBMS · Deep Learning ...,https://www.geeksforgeeks.org/data-science/data-science-interview-questions-and-answers/,GeeksforGeeks,False,
46,Data Scientist,Data Scientist interview questions topics,7,Top 60+ Data Science Interview Questions and Answers,"These questions are categorized into three key areas: conceptual knowledge (statistics, machine learning, data wrangling), coding skills (Python and SQL), and ...",https://roadmap.sh/questions/data-science,Roadmap.sh,False,
47,Data Scientist,Data Scientist interview questions topics,8,Top Data Science Interview Questions | National University,Machine Learning Interview Questions · 1. What is supervised learning? · 2. What is unsupervised learning? · 3. What is an SVM in data science? · 4.,https://www.nu.edu/blog/data-science-interview-questions/,nu.edu,False,
48,Data Scientist,data science interview statistics topics,1,Statistics Interview Questions & Answers for Data Scientists,Q1: Explain the central limit theorem and give examples of when you can use it in a real-world problem. · Q2: Briefly explain the A/B testing and its application ...,https://github.com/youssefHosni/Data-Science-Interview-Questions-Answers/blob/main/Statistics%20Interview%20Questions%20%26%20Answers%20for%20Data%20Scientists.md,GitHub,False,
49,Data Scientist,data science interview statistics topics,2,Statistics for Data Science Interview Questions and Answers,Statistics for Data Science Interview Questions and Answers · 1. What are the key topics in statistics that are often tested in interviews? · 2.,https://skphd.medium.com/statistics-interview-questions-and-answers-ffac5cf02c5c,Medium · Dr. Sanjay Kumar,False,
50,Data Scientist,data science interview statistics topics,3,Probably and Stats interview questions? : r/datascience,"The best approach is to prep in tracks: solid SQL + pandas for analytics-heavy roles, ML theory + system design for applied science, and a bit ...",https://www.reddit.com/r/datascience/comments/1m70hqg/probably_and_stats_interview_questions/,Reddit · r/datascience,False,
51,Data Scientist,data science interview statistics topics,4,The Top 35 Statistics Interview Questions and Answers 2026,"Prepare for your interview with our guide on statistics interview questions, covering essential concepts like inferential statistics and ...",https://www.datacamp.com/blog/statistics-interview-questions,DataCamp,False,
52,Data Scientist,data science interview statistics topics,5,40 Probability & Statistics Data Science Interview Questions ...,"We put together 40 real probability & statistics data science interview questions asked by companies like Facebook, Amazon, Two Sigma, & Bloomberg.",https://www.nicksingh.com/posts/40-probability-statistics-data-science-interview-questions-asked-by-fang-wall-street,nicksingh.com,False,
53,Data Scientist,data science interview statistics topics,6,Statistics Interview Questions and Answers,"1. Define Mean, Median and Mode with examples. · 2. What is a Range in Statistics? · 3. What is Variance? · 4. What is Standard Deviation? · 5. What ...",https://www.geeksforgeeks.org/data-science/statistics-interview-questions/,GeeksforGeeks,False,
54,Data Scientist,data science interview statistics topics,7,5 Statistical Concepts You Need to Know Before Your Next ...,5 Statistical Concepts You Need to Know Before Your Next Data Science Interview · 1. P value · 2. Z-score (and other outlier detection methods) · 3 ...,https://towardsdatascience.com/5-statistical-concepts-you-need-to-know-before-your-next-data-science-interview/,Towards Data Science,False,
55,Data Scientist,data science interview statistics topics,8,10 Statistics Interview Questions for Data Science Role,Statistics interview questions for data science · 1. Tell us about yourself. · 2. What is statistics? · 3. Describe the statistical significance ...,https://www.coursera.org/in/articles/statistics-interview-questions-for-data-science,Coursera,False,
56,MLOps Engineer,MLOps Engineer interview guide,1,MLOps Interview Design round,"In an MLOps design round, expect questions on CI/CD for ML, model monitoring, feature stores, and scaling deployments.",https://www.reddit.com/r/mlops/comments/1iu130j/mlops_interview_design_round/,Reddit · r/mlops,False,
57,MLOps Engineer,MLOps Engineer interview guide,2,MLOps Engineering Interview Questions and Answers,"MLOps Engineering Interview Questions and Answers · 1. What is feature store, and why is it important in MLOps? · 2. What is model drift, and ...",https://skphd.medium.com/mlops-interview-questions-and-answers-0e25e2200dfc,Medium · Dr. Sanjay Kumar,False,
58,MLOps Engineer,MLOps Engineer interview guide,3,Comprehensive MLOps Interview Questions: From Basic to ...,"This article provides a comprehensive set of MLOps interview questions, ranging from basic to advanced levels.",https://www.geeksforgeeks.org/machine-learning/comprehensive-mlops-interview-questions-from-basic-to-advanced/,GeeksforGeeks,False,
59,MLOps Engineer,MLOps Engineer interview guide,4,SepidehHosseinian/MLOPs-Interview-Questions,A collection of MLOps interview questions and answers for data scientists and engineers. Learn how to apply MLOps principles and practices to automate and ...,https://github.com/SepidehHosseinian/MLOPs-Interview-Questions,GitHub,False,
60,MLOps Engineer,MLOps Engineer interview guide,5,Top 25 MLOps Interview Questions 2025,"Prepare for your MLOps interview with key concepts, tools, and strategies to stand out in the competitive tech landscape of 2025.",https://www.lockedinai.com/blog/top-25-mlops-interview-questions-2025,LockedIn AI,False,
61,MLOps Engineer,MLOps Engineer interview guide,6,MLOps Interview Questions,1. How do you ensure the privacy and security of data in MLOps? · 2. How would you integrate a new model into an existing MLOps pipeline? · 3. How would you ...,https://mentorcruise.com/questions/mlops/,MentorCruise,False,
62,MLOps Engineer,MLOps Engineer interview guide,7,Top 30 MLOps Interview Questions and Answers for 2026,Basic MLOps Interview Questions · What is the difference between MLOps and DevOps? · What is model or concept drift? · What testing should be done ...,https://www.datacamp.com/blog/mlops-interview-questions,DataCamp,False,
63,MLOps Engineer,MLOps Engineer interview guide,8,MLOps AI Engineer Interview Preparation Guide,Q1: What is MLOps and why is it important? · Reproducibility: Ensures consistent model training and deployment · Scalability: Handles growing ...,https://www.linkedin.com/pulse/mlops-ai-engineer-interview-preparation-guide-dhiraj-patra-pl8gc,LinkedIn · Dhiraj Patra,True,
64,MLOps Engineer,MLOps interview preparation topics,5,Learn 100 MLOps interview questions and answers,100 MLOps Interview Questions & Answers Read this to confidently tackle real-world challenges reflected in interview scenarios Read here ...,https://www.linkedin.com/posts/sandip-das-developer_100-mlops-interview-questions-answers-read-activity-7361794823990755328-WTzK,LinkedIn · Sandip Das,True,
65,MLOps Engineer,MLOps interview preparation topics,7,15 MLOps Interview Questions [2026 Edition],"Top 15 Mlops Interview Questions · Q1. What is the difference between MLOps, ModelOps, and AIOps? · Q2. What is the difference between MLOps and ...",https://www.analyticsvidhya.com/blog/2023/02/15-must-read-interview-questions-on-mlops-for-2023/,Analytics Vidhya,False,
66,Data Engineer,Data Engineer interview preparation topics,1,What are the fundamental questions in a data engineering ...,How do you communicate the issue? How do you fix it? Who do you inform? How do you make sure it doesn't happen again?,https://www.reddit.com/r/dataengineering/comments/17ve0jc/what_are_the_fundamental_questions_in_a_data/,Reddit · r/dataengineering,False,
67,Data Engineer,Data Engineer interview preparation topics,2,Data Engineer Interview Preparation- Complete Guide,"You could expect interviewers to ask you about your understanding on the data quality, governance, lineage in your company, code and project.",https://medium.com/@nishasreedharan/data-engineer-interview-preparation-complete-guide-98a9d16f6889,Medium · Nisha Sreedharan,False,
68,Data Engineer,Data Engineer interview preparation topics,3,Data Engineering Study Guide - Outline (Make A Copy :),I put together a data engineer interview study guide to help keep track of my progress when I was interviewing(shared below).,https://www.linkedin.com/posts/benjaminrogojan_data-engineering-study-guide-outline-make-activity-7114371274583273473--beA,LinkedIn · Benjamin Rogojan,True,
69,Data Engineer,Data Engineer interview preparation topics,4,14 Data Engineer Interview Questions and How to Answer ...,General data engineer interview questions and answers · 1. Tell me about yourself. · 2. What is a data engineer's role within a team or company?,https://www.coursera.org/articles/data-engineer-interview-questions,Coursera,False,
70,Data Engineer,Data Engineer interview preparation topics,5,Data Engineer Interview Questions,"Explore 25 interview questions crafted to assess a candidate's ETL expertise, their knowledge of data warehousing, and their commitment to data quality.",https://www.usebraintrust.com/hire/interview-questions/data-engineers,Braintrust,False,
71,Data Engineer,Data Engineer interview preparation topics,6,Data Engineering Interview Preparation Series #1,1. Introduction · 2. Data structures and algorithms to know · 3. Common DSA questions asked during DE interviews · 4. Company specific research · 5.,https://www.startdataengineering.com/post/de_interview_dsa/,Start Data Engineering,False,
72,Data Engineer,Data Engineer interview preparation topics,7,Top 90+ Data Engineer Interview Questions and Answers,Data Engineer Python Interview Questions · Q. What is Data Transformation? · Q. Why is encrypting data important? · Q. How does caching data ...,https://www.netcomlearning.com/blog/data-engineer-interview-questions,NetCom Learning,False,
73,Data Engineer,Data Engineer interview preparation topics,8,OBenner/data-engineering-interview-questions,More than 2000+ Data engineer interview questions. - OBenner/data-engineering-interview-questions.,https://github.com/OBenner/data-engineering-interview-questions,GitHub,False,
74,Data Engineer,data engineering interview guide pipelines spark sql,1,"Data Engineering Interview Questions: Spark, SQL and ...","Data Engineering Interview Questions: Spark, SQL and DataFrames Explain the Concept of a DataFrame. A data frame arranges information into a ...",https://dataakkadian.medium.com/data-engineering-interview-questions-spark-sql-and-dataframes-dc2d6ab6bb27,Medium · Zaid Alissa Almaliki,False,
75,Data Engineer,data engineering interview guide pipelines spark sql,2,"Data Engineer Interview Tips: SQL, Spark, and ETL","Tips to Crack Your Data Engineer Interview! Preparing for a Data Engineer role can be challenging, but with the right approach, ...",https://www.linkedin.com/posts/sushmakl1995_dataengineering-bigdata-spark-activity-7412447188116647936-xRyH,LinkedIn,True,
76,Data Engineer,data engineering interview guide pipelines spark sql,3,Top 50 Apache Spark data engineering interview ...,"Top 50 Apache Spark data engineering interview questions with clear answers. Covers Spark architecture, RDDs, DataFrames, Spark SQL, performance tuning, ...",https://datavidhya.com/blog/apache-spark-data-engineering-interview-questions/,Data Vidhya,False,
77,Data Engineer,data engineering interview guide pipelines spark sql,4,Data Engineering Interview Prep Guide | PDF | Apache Spark,"The document outlines a Data Engineer case study focused on building ETL pipelines for a recruitment SaaS platform using Spark, SQL, Python, and AWS.",https://www.scribd.com/document/979444969/Data-Engineer-Case-Study-With-Solutions,Scribd,False,
78,Data Engineer,data engineering interview guide pipelines spark sql,5,100 Spark Interview Questions for Data Engineer,Practice-Based Spark Questions for Data Engineer. These Spark data engineering interview questions focus on pipeline problems. Combine them ...,https://dev.to/hannah_usmedynska/100-spark-interview-questions-for-data-engineer-2454,DEV Community,False,
79,Data Engineer,data engineering interview guide pipelines spark sql,6,data-engineering-interview-questions/content/spark.md ...,Is there a module to implement SQL in Spark? How does it work? What are receivers in Apache Spark Streaming? What do you understand by Shuffling in Spark? How ...,https://github.com/OBenner/data-engineering-interview-questions/blob/master/content/spark.md,GitHub,False,
80,Data Engineer,data engineering interview guide pipelines spark sql,7,Data Engineering Interview Questions and Answers (2026 ...,"- ""What are the primary business objectives for this ETL pipeline?"" - ""What's the expected data volume and frequency of updates?"" - ""Are there ...",https://www.tryexponent.com/blog/top-data-engineering-interview-questions,Exponent,False,
81,NLP Engineer,NLP Engineer interview preparation,1,NLP Engineer Interview Preparation : r/LanguageTechnology,It's an Engineer position so you'll probably get tested to some extent on leetcode-style data structures and algorithms questions. You might also get asked ...,https://www.reddit.com/r/LanguageTechnology/comments/wlro2u/nlp_engineer_interview_preparation/,Reddit · r/LanguageTechnology,False,
82,NLP Engineer,NLP Engineer interview preparation,2,Common NLP Interview Questions & Answers (2025),Question 1: Can you explain what tokenization is in NLP and why it is important? · Question 2: How do you handle out-of-vocabulary (OOV) words in NLP models?,https://365datascience.com/career-advice/job-interview-tips/nlp-interview-questions/,365 Data Science,False,
83,NLP Engineer,NLP Engineer interview preparation,3,Natural Language Processing Interview Question,"Natural Language Processing (NLP) is evolving rapidly, with interviews focusing not just on basics but also on advanced architectures, ...",https://www.geeksforgeeks.org/nlp/advanced-natural-language-processing-interview-question/,GeeksforGeeks,False,
84,NLP Engineer,NLP Engineer interview preparation,4,50 Core NLP Interview Questions in 2026,"1. What is Natural Language Processing (NLP) and why is it important? · 2. What do you understand by the terms 'corpus', 'tokenization', and 'stopwords' in NLP?",https://github.com/Devinterview-io/nlp-interview-questions,GitHub,False,
85,NLP Engineer,NLP Engineer interview preparation,5,NLP Engineer Interview Preparation,"A dedicated, week-by-week plan can transform chaos into clarity. Here's a suggested 4-week timeline that covers all the essential areas for NLP Engineer ...",https://interviewsidekick.com/blog/nlp-engineer-interview-preparation,Interview Sidekick,False,
86,NLP Engineer,NLP Engineer interview preparation,6,How to prepare for NLP Interviews | Santosh Rout posted ...,"I just published a comprehensive guide on ""NLP Interview Prep: Key Concepts and Questions"" to help you get ready for your next ML interview.",https://www.linkedin.com/posts/santoshrout_preparing-for-nlp-interviews-natural-language-activity-7245080476204351488-Uvld,LinkedIn · Santosh Rout,True,
87,NLP Engineer,NLP Engineer interview preparation,7,14 Common Natural Language Processing Interview ...,Prepare for your next role by reviewing 14 common natural language processing interview questions and learning how to answer them with ...,https://www.coursera.org/articles/natural-language-processing-interview-questions,Coursera,False,
88,NLP Engineer,NLP Engineer interview preparation,8,100 NLP interview questions,"1. Write TF-IDF from scratch. · 2. What is normalization in TF-IDF ? · 3. Why do you need to know about TF-IDF in our time, and how can you use it ...",https://medium.com/@milana.shxanukova15/100-nlp-interview-questions-c282190d73f4,Medium · Milana Shkhanukova,False,
89,NLP Engineer,NLP interview topics transformers bert sequence modeling,1,BERT interview questions - by Milana Shkhanukova,RoBERT'a and BERT are two of the most used models for text classification. Today we will analyse the key differences between them.,https://medium.com/@milana.shxanukova15/bert-and-roberta-difference-aa7723d8154f,Medium · Milana Shkhanukova,False,
90,NLP Engineer,NLP interview topics transformers bert sequence modeling,2,How Transformer Models Work | Chirag S. posted on the ...,"A Transformer model is a deep learning architecture designed primarily for sequence-to-sequence tasks, such as language translation and text generation.",https://www.linkedin.com/posts/chiragsubramanian_data-science-interview-question-q-can-activity-7317944670611783680-qB7Z,LinkedIn · Chirag S.,True,
91,NLP Engineer,NLP interview topics transformers bert sequence modeling,3,BERT Model - NLP,"BERT (Bidirectional Encoder Representations from Transformers) is a machine learning model designed for natural language processing tasks, ...",https://www.geeksforgeeks.org/nlp/explanation-of-bert-model-nlp/,GeeksforGeeks,False,
92,NLP Engineer,NLP interview topics transformers bert sequence modeling,4,Top 16 Interview Questions on Transformer [2026 Edition],"Q7: What are Sequence-to-Sequence Models, and what tasks do they address in natural language processing? A: Sequence-to-Sequence (Seq2Seq) ...",https://www.analyticsvidhya.com/blog/2022/11/top-6-interview-questions-on-transformer/,Analytics Vidhya,False,
93,NLP Engineer,NLP interview topics transformers bert sequence modeling,5,LLM Interview Series(3): Transformers Explained,1. What problem were Transformers designed to solve compared to RNNs and LSTMs? · How exactly does vanishing gradient affect long-range modeling ...,https://dev.to/jackm_345442a09fb53b/llm-interview-series3-transformers-explained-attention-is-all-you-need-523o,DEV Community,False,
94,NLP Engineer,NLP interview topics transformers bert sequence modeling,6,50 questions about text classification and transformers,Transformers have revolutionized natural language processing (NLP) and can be effectively applied to topic modeling and categorization tasks.,https://vtiya.medium.com/50-questions-about-text-classification-and-transformers-afa410d572e2,Medium · Dr.Tiya Vaj,False,
95,NLP Engineer,NLP interview topics transformers bert sequence modeling,7,Top 40 NLP Interview Questions,Answer: Transformers are a type of deep learning model designed to handle sequential data with mechanisms like self-attention. They process entire sequences ...,https://www.xpndai.com/top-40-nlp-interview-questions,XPNDAI,False,
96,NLP Engineer,NLP interview topics transformers bert sequence modeling,8,Interview Questions on Transformers,"Using this bidirectional capability, BERT is pre-trained on two different, but related, NLP tasks: Masked Language Modeling and Next Sentence Prediction. 12.",https://iq.opengenus.org/interview-questions-on-transformers/,OpenGenus IQ,False,
97,Computer Vision Engineer,Computer Vision Engineer interview topics,1,Computer Vision Interview Questions,Computer Vision Interview Questions · 1. Explain the concept of pixels and image resolution. · 2. Explain the 2D Discrete Fourier Transform (DFT).,https://www.geeksforgeeks.org/computer-vision/computer-vision-interview-questions/,GeeksforGeeks,False,
98,Computer Vision Engineer,Computer Vision Engineer interview topics,2,9 TOP Interview Questions & Answers For a Computer ...,"1. Advanced CNN Architectures: Can you compare and contrast different CNN architectures like AlexNet, VGG, and ResNet? How do their approaches ...",https://opencv.org/computer-vision-engineer-interview-questions/,OpenCV,False,
99,Computer Vision Engineer,Computer Vision Engineer interview topics,3,Technical Interview Questions in CV : r/computervision,Describe how convolution works. What about if your inputs are grayscale vs RGB imagery? What determines the shape of the next layer? Stuff about ...,https://www.reddit.com/r/computervision/comments/7gku4z/technical_interview_questions_in_cv/,Reddit · r/computervision,False,
100,Computer Vision Engineer,Computer Vision Engineer interview topics,4,Devinterview-io/computer-vision-interview-questions: 🟣 ...,1. What is computer vision and how does it relate to human vision? · 2. Describe the key components of a computer vision system. · 3. Explain the concept of image ...,https://github.com/Devinterview-io/computer-vision-interview-questions,GitHub,False,
101,Computer Vision Engineer,Computer Vision Engineer interview topics,5,6 Computer Vision Interview Questions and Sample Answers,1. How is a vision transformer different from a CNN? · 2. Explain the key challenges of computer vision in autonomous vehicles.,https://www.coursera.org/articles/computer-vision-interview-questions,Coursera,False,
102,Computer Vision Engineer,Computer Vision Engineer interview topics,6,20 Computer Vision Interview Questions (With Example ...,"1. What is computer vision? · 2. What are computer vision libraries? · 3. Can you define ""digital image?"" · 4. What's the purpose of grayscaling?",https://www.indeed.com/career-advice/interviewing/computer-vision-interview-questions,Indeed,True,
103,Computer Vision Engineer,Computer Vision Engineer interview topics,7,Computer Vision Interview Questions,1. Can you explain the process of image reconstruction? · 2. What are the critical stages in a typical Computer Vision project? · 3. What are some common pre- ...,https://mentorcruise.com/questions/computervision/,MentorCruise,False,
104,Computer Vision Engineer,Computer Vision Engineer interview topics,8,Common Computer Vision Interview Questions & Answers ...,"Secure your AI job with these common computer vision interview questions on CNNs, object detection, GANs & more. Plus, get job hunting tips for career ...",https://365datascience.com/career-advice/job-interview-tips/computer-vision-interview-questions/,365 Data Science,False,
105,Computer Vision Engineer,computer vision interview preparation cnn detection segmentation,4,Computer Vision Interview Questions | by Amit Yadav,"CNNs (Convolutional Neural Networks): CNNs are the backbone of modern image classification. They automatically learn features from images, ...",https://medium.com/@amit25173/computer-vision-interview-questions-a1efff905ac1,Medium · Amit Yadav,False,
106,Computer Vision Engineer,computer vision interview preparation cnn detection segmentation,6,Top 20 CNN Interview Questions to test your Skills,1. What do you mean by Convolutional Neural Network? · 2. Why do we prefer Convolutional Neural networks (CNN) over Artificial Neural networks ( ...,https://www.analyticsvidhya.com/blog/2021/05/20-questions-to-test-your-skills-on-cnn-convolutional-neural-networks/,Analytics Vidhya,False,
107,Computer Vision Engineer,computer vision interview preparation cnn detection segmentation,7,Computer Vision Interview Questions From Image ...,CNNs (Convolutional Neural Networks) are the most popular models used for image classification because they efficiently capture spatial hierarchies and patterns ...,https://thinkcloudly.com/blog/computer-vision-interview-questions-from-image-classification-to-object-detection/,ThinkCloudly,False,
108,Computer Vision Engineer,computer vision interview preparation cnn detection segmentation,8,Computer Vision Engineer Interview...,"Day 1: Study advanced computer vision topics such as object detection algorithms (e.g., YOLO, Faster R-CNN) and semantic segmentation. Day 2: ...",https://interviewsidekick.com/blog/computer-vision-engineer-interview-preparation,Interview Sidekick,False,
